{
    "error": "0",
    "msg": "查询成功！",
    "search_type": "1",
    "is_similar": "0",
    "total_results": 608817,
    "result_list": [
        {
            "category_id": 50010808,
            "category_name": "唇膏/口红",
            "commission_rate": "400",
            "coupon_id": "",
            "coupon_info": "",
            "coupon_remain_count": 0,
            "coupon_total_count": 0,
            "item_description": "断货王色抢订中，预定享精美礼盒+粉丝礼~",
            "item_id": 564873877199,
            "item_url": "https://detail.tmall.com/item.htm?id=564873877199",
            "level_one_category_id": 50010788,
            "level_one_category_name": "彩妆/香水/美妆工具",
            "nick": "mac魅可官方旗舰店",
            "num_iid": 564873877199,
            "pict_url": "https://img.alicdn.com/bao/uploaded/i4/3170729146/O1CN01Lmofj82HQuxlWq1eJ_!!0-item_pic.jpg",
            "provcity": "浙江 杭州",
            "real_post_fee": "0.00",
            "reserve_price": "170",
            "seller_id": 3170729146,
            "shop_dsr": 48609,
            "shop_title": "MAC魅可官方旗舰店",
            "short_title": "【官方正品】mac /魅可子弹头口红",
            "small_images": [
                "https://img.alicdn.com/i4/3170729146/O1CN01Zhtr1Q2HQuuvDXJMm_!!3170729146.jpg",
                "https://img.alicdn.com/i4/3170729146/O1CN01LdB4Ln2HQuxiJEnol_!!3170729146.jpg",
                "https://img.alicdn.com/i4/3170729146/O1CN01n2p1Ax2HQuxcq1gDS_!!3170729146.jpg",
                "https://img.alicdn.com/i3/3170729146/O1CN01C7Iq9x2HQuxbnekfB_!!3170729146.jpg"
            ],
            "title": "【预售献礼】MAC/魅可子弹头口红唇膏断货王 Ruby Woo/牛血色",
            "tk_total_commi": "35796.9",
            "tk_total_sales": "6873",
            "user_type": 1,
            "volume": 66940,
            "white_image": "https://img.alicdn.com/bao/uploaded/TB1vaAaVCzqK1RjSZFHXXb3CpXa.png",
            "zk_final_price": "170"
        },
        {
            "category_id": 50010807,
            "category_name": "唇彩/唇蜜/唇釉",
            "commission_rate": "601",
            "coupon_id": "",
            "coupon_info": "",
            "coupon_remain_count": 0,
            "coupon_total_count": 0,
            "item_description": "",
            "item_id": 586678865963,
            "item_url": "https://detail.tmall.com/item.htm?id=586678865963",
            "level_one_category_id": 50010788,
            "level_one_category_name": "彩妆/香水/美妆工具",
            "nick": "holdlive旗舰店",
            "num_iid": 586678865963,
            "pict_url": "https://img.alicdn.com/bao/uploaded/i1/3293599195/O1CN01iLDrlS2HnMJyCRyNg_!!0-item_pic.jpg",
            "provcity": "江苏 苏州",
            "real_post_fee": "0.00",
            "reserve_price": "230",
            "seller_id": 3293599195,
            "shop_dsr": 48292,
            "shop_title": "holdlive旗舰店",
            "short_title": "hold live幽兰之情唇釉套装烂口红",
            "small_images": [
                "https://img.alicdn.com/i3/3293599195/O1CN0137Q74j2HnMLxUHI1b_!!3293599195.jpg",
                "https://img.alicdn.com/i2/3293599195/O1CN01TzGW4d2HnMM0jv7S3_!!3293599195.jpg",
                "https://img.alicdn.com/i1/3293599195/O1CN01CgRAde2HnMM6aHcRw_!!3293599195.jpg",
                "https://img.alicdn.com/i1/3293599195/O1CN01f0OwA52HnMJveSlZv_!!3293599195.jpg"
            ],
            "title": "HOLD LIVE幽兰之情唇釉套装 哑光雾面奶油烂西瓜色口红李佳琦推荐",
            "tk_total_commi": "24126.1",
            "tk_total_sales": "11442",
            "user_type": 1,
            "volume": 28112,
            "white_image": "https://img.alicdn.com/bao/uploaded/TB1qzxETZbpK1RjSZFyXXX_qFXa.png",
            "zk_final_price": "69"
        },
        {
            "category_id": 50010808,
            "category_name": "唇膏/口红",
            "commission_rate": "400",
            "coupon_id": "",
            "coupon_info": "",
            "coupon_remain_count": 0,
            "coupon_total_count": 0,
            "item_description": "",
            "item_id": 563831523476,
            "item_url": "https://detail.tmall.com/item.htm?id=563831523476",
            "level_one_category_id": 50010788,
            "level_one_category_name": "彩妆/香水/美妆工具",
            "nick": "ysl圣罗兰美妆官方旗舰店",
            "num_iid": 563831523476,
            "pict_url": "https://img.alicdn.com/bao/uploaded/i1/3626596873/O1CN0112Oy7o20dshixC50C_!!0-item_pic.jpg",
            "provcity": "江苏 苏州",
            "real_post_fee": "999.00",
            "reserve_price": "320",
            "seller_id": 3626596873,
            "shop_dsr": 48984,
            "shop_title": "YSL圣罗兰美妆官方旗舰店",
            "short_title": "圣罗兰纯方管正红色1星星色52口红",
            "small_images": [
                "https://img.alicdn.com/i4/3626596873/O1CN01aPHc8f20dshcwYu52_!!0-item_pic.jpg",
                "https://img.alicdn.com/i3/3626596873/O1CN01gpiJzO20dsfNK8xXZ_!!3626596873.jpg",
                "https://img.alicdn.com/i3/3626596873/O1CN01kv0jlW20dshgJxQcy_!!3626596873.jpg",
                "https://img.alicdn.com/i1/3626596873/O1CN01E6hZj620dsgcBXDMf_!!3626596873.jpg"
            ],
            "title": "YSL圣罗兰纯口红 方管正红色1星星色52正橘色13 以爱为妆 限定版",
            "tk_total_commi": "50569.2",
            "tk_total_sales": "4405",
            "user_type": 1,
            "volume": 26428,
            "white_image": "https://img.alicdn.com/bao/uploaded/TB19XFJaAH0gK0jSZPiXXavapXa.png",
            "zk_final_price": "320"
        },
        {
            "category_id": 50010808,
            "category_name": "唇膏/口红",
            "commission_rate": "500",
            "coupon_id": "",
            "coupon_info": "",
            "coupon_remain_count": 0,
            "coupon_total_count": 0,
            "item_description": "保湿滋润 孕妇可用",
            "item_id": 525068310266,
            "item_url": "https://detail.tmall.com/item.htm?id=525068310266",
            "level_one_category_id": 50010788,
            "level_one_category_name": "彩妆/香水/美妆工具",
            "nick": "绿缘萝旗舰店",
            "num_iid": 525068310266,
            "pict_url": "https://img.alicdn.com/bao/uploaded/i1/875004308/O1CN011hh6ipNXEUZWudL_!!0-item_pic.jpg",
            "provcity": "河北 唐山",
            "real_post_fee": "0.00",
            "reserve_price": "168",
            "seller_id": 875004308,
            "shop_dsr": 48556,
            "shop_title": "绿缘萝旗舰店",
            "short_title": "绿缘萝胡萝卜素变色保湿滋润女唇膏",
            "small_images": [
                "https://img.alicdn.com/i1/875004308/O1CN011hh6ionD4dpORxi_!!875004308.jpg",
                "https://img.alicdn.com/i3/875004308/TB2MKVhaW9I.eBjy0FeXXXqwFXa_!!875004308.jpg",
                "https://img.alicdn.com/i4/875004308/TB2lN94jFXXXXXMXpXXXXXXXXXX_!!875004308.jpg",
                "https://img.alicdn.com/i3/875004308/TB2THl7ddAmyKJjSZFGXXb.fFXa_!!875004308.jpg"
            ],
            "title": "绿缘萝胡萝卜素变色唇膏保湿滋润小众口红女学生款不掉色不沾杯润",
            "tk_total_commi": "4033.59",
            "tk_total_sales": "3291",
            "user_type": 1,
            "volume": 19812,
            "white_image": "https://img.alicdn.com/bao/uploaded/TB1i2_aVhYaK1RjSZFnXXa80pXa.png",
            "zk_final_price": "59"
        },
        {
            "category_id": 50010808,
            "category_name": "唇膏/口红",
            "commission_rate": "601",
            "coupon_id": "",
            "coupon_info": "",
            "coupon_remain_count": 0,
            "coupon_total_count": 0,
            "item_description": "",
            "item_id": 583080721935,
            "item_url": "https://detail.tmall.com/item.htm?id=583080721935",
            "level_one_category_id": 50010788,
            "level_one_category_name": "彩妆/香水/美妆工具",
            "nick": "holdlive旗舰店",
            "num_iid": 583080721935,
            "pict_url": "https://img.alicdn.com/bao/uploaded/i2/3293599195/O1CN01HRLlAq2HnMJ4rdq3S_!!0-item_pic.jpg",
            "provcity": "江苏 苏州",
            "real_post_fee": "0.00",
            "reserve_price": "230",
            "seller_id": 3293599195,
            "shop_dsr": 48292,
            "shop_title": "holdlive旗舰店",
            "short_title": "hold live慕斯绒情口红套装烂红棕",
            "small_images": [
                "https://img.alicdn.com/i4/3293599195/O1CN01vyOYkW2HnMJ0cLoaM_!!3293599195.jpg",
                "https://img.alicdn.com/i2/3293599195/O1CN01lazwJz2HnMJ38oyc6_!!0-item_pic.jpg",
                "https://img.alicdn.com/i4/3293599195/O1CN01SA3MqA2HnMJ26coGZ_!!3293599195.jpg",
                "https://img.alicdn.com/i2/3293599195/O1CN01k3cize2HnMJ38MmMN_!!3293599195.jpg"
            ],
            "title": "HOLD LIVE慕斯绒情口红套装 哑光雾面196烂番茄316泫雅红棕牛血色",
            "tk_total_commi": "47552.8",
            "tk_total_sales": "6720",
            "user_type": 1,
            "volume": 18800,
            "white_image": "https://img.alicdn.com/bao/uploaded/TB1fypUT4jaK1RjSZFAXXbdLFXa.png",
            "zk_final_price": "69"
        },
        {
            "category_id": 50010808,
            "category_name": "唇膏/口红",
            "commission_rate": "300",
            "coupon_id": "",
            "coupon_info": "",
            "coupon_remain_count": 0,
            "coupon_total_count": 0,
            "item_description": "",
            "item_id": 592225843133,
            "item_url": "https://item.taobao.com/item.htm?id=592225843133",
            "level_one_category_id": 50010788,
            "level_one_category_name": "彩妆/香水/美妆工具",
            "nick": "取名叫做一",
            "num_iid": 592225843133,
            "pict_url": "https://img.alicdn.com/bao/uploaded/i3/3009017033/O1CN01siSxF221pA32uVUHD_!!3009017033.jpg",
            "provcity": "广东 深圳",
            "real_post_fee": "0.00",
            "reserve_price": "56",
            "seller_id": 3009017033,
            "shop_dsr": 47838,
            "shop_title": "你的惊艳",
            "short_title": "hojo李佳琦推荐女平价学生款口红",
            "small_images": [
                "https://img.alicdn.com/i2/3009017033/O1CN01DuubKA21pA3IzLW09_!!3009017033.jpg",
                "https://img.alicdn.com/i1/3009017033/O1CN01HNhQLm21pA2yG4jMH_!!3009017033.jpg",
                "https://img.alicdn.com/i2/3009017033/O1CN01azJVfu21pA30tP2MH_!!3009017033.jpg",
                "https://img.alicdn.com/i2/3009017033/O1CN01vtKcoG21pA2z2AuT4_!!3009017033.jpg"
            ],
            "title": "hojo李佳琦推荐口红女平价学生款独角兽的眼泪嘉琪故宫奇德国小众",
            "tk_total_commi": "837.05",
            "tk_total_sales": "1012",
            "user_type": 0,
            "volume": 17292,
            "white_image": "",
            "zk_final_price": "26"
        },
        {
            "category_id": 50010807,
            "category_name": "唇彩/唇蜜/唇釉",
            "commission_rate": "400",
            "coupon_id": "",
            "coupon_info": "",
            "coupon_remain_count": 0,
            "coupon_total_count": 0,
            "item_description": "",
            "item_id": 564093547806,
            "item_url": "https://detail.tmall.com/item.htm?id=564093547806",
            "level_one_category_id": 50010788,
            "level_one_category_name": "彩妆/香水/美妆工具",
            "nick": "ysl圣罗兰美妆官方旗舰店",
            "num_iid": 564093547806,
            "pict_url": "https://img.alicdn.com/bao/uploaded/i1/3626596873/O1CN01Yf4JV620dshMIKzWX_!!0-item_pic.jpg",
            "provcity": "江苏 苏州",
            "real_post_fee": "999.00",
            "reserve_price": "320",
            "seller_id": 3626596873,
            "shop_dsr": 48984,
            "shop_title": "YSL圣罗兰美妆官方旗舰店",
            "short_title": "圣罗兰黑管豆沙色407唇蜜416唇釉",
            "small_images": [
                "https://img.alicdn.com/i1/3626596873/TB2Nkugz_tYBeNjy1XdXXXXyVXa_!!3626596873.jpg",
                "https://img.alicdn.com/i3/3626596873/O1CN01dFJ1eK20dsdckMTUh_!!3626596873.jpg",
                "https://img.alicdn.com/i2/3626596873/O1CN01AYgbBP20dsh2kwPUZ_!!3626596873.jpg",
                "https://img.alicdn.com/i1/3626596873/O1CN01E6hZj620dsgcBXDMf_!!3626596873.jpg"
            ],
            "title": "YSL圣罗兰黑管唇釉 豆沙色407唇蜜口红唇彩梅子色番茄红416 正品",
            "tk_total_commi": "39777.3",
            "tk_total_sales": "3421",
            "user_type": 1,
            "volume": 16373,
            "white_image": "https://img.alicdn.com/bao/uploaded/TB19vrcVMTqK1RjSZPhXXXfOFXa.png",
            "zk_final_price": "320"
        },
        {
            "category_id": 50010808,
            "category_name": "唇膏/口红",
            "commission_rate": "501",
            "coupon_id": "",
            "coupon_info": "",
            "coupon_remain_count": 0,
            "coupon_total_count": 0,
            "item_description": "",
            "item_id": 551038775906,
            "item_url": "https://item.taobao.com/item.htm?id=551038775906",
            "level_one_category_id": 50010788,
            "level_one_category_name": "彩妆/香水/美妆工具",
            "nick": "优姿美妆",
            "num_iid": 551038775906,
            "pict_url": "https://img.alicdn.com/bao/uploaded/i1/3254742912/O1CN011XNjo8E8u9enOcL_!!3254742912.jpg",
            "provcity": "浙江 金华",
            "real_post_fee": "0.00",
            "reserve_price": "48",
            "seller_id": 3254742912,
            "shop_dsr": 47973,
            "shop_title": "国货小店．cosmetics",
            "short_title": "雅邦黑管口红女滋润豆沙色车厘子",
            "small_images": [
                "https://img.alicdn.com/i3/3254742912/O1CN01ptc7e01XNjsH4YrKz_!!3254742912.jpg",
                "https://img.alicdn.com/i2/3254742912/TB2TE8bgMDD8KJjy0FdXXcjvXXa_!!3254742912.jpg",
                "https://img.alicdn.com/i3/3254742912/TB2vWetaWLN8KJjSZFmXXcQ6XXa_!!3254742912.jpg",
                "https://img.alicdn.com/i2/3254742912/TB2ovM0c1LM8KJjSZFqXXa7.FXa_!!3254742912.jpg"
            ],
            "title": "雅邦黑管口红女滋润车厘子豆沙色平价小众故宫抖音颜九口红学生款",
            "tk_total_commi": "1008.48",
            "tk_total_sales": "2198",
            "user_type": 0,
            "volume": 16257,
            "white_image": "",
            "zk_final_price": "9.9"
        },
        {
            "category_id": 50010807,
            "category_name": "唇彩/唇蜜/唇釉",
            "commission_rate": "401",
            "coupon_id": "",
            "coupon_info": "",
            "coupon_remain_count": 0,
            "coupon_total_count": 0,
            "item_description": "第二支减10元 送卡姿兰唇彩小样",
            "item_id": 593988728644,
            "item_url": "https://detail.tmall.com/item.htm?id=593988728644",
            "level_one_category_id": 50010788,
            "level_one_category_name": "彩妆/香水/美妆工具",
            "nick": "诗唯雅化妆品专营店",
            "num_iid": 593988728644,
            "pict_url": "https://img.alicdn.com/bao/uploaded/i1/409808834/O1CN01nuVDzY2F81OE27r2t_!!0-item_pic.jpg",
            "provcity": "江苏 常州",
            "real_post_fee": "0.00",
            "reserve_price": "79",
            "seller_id": 409808834,
            "shop_dsr": 47820,
            "shop_title": "诗唯雅化妆品专营店",
            "short_title": "卡姿兰唇釉女学生款不掉色防水口红",
            "small_images": [
                "https://img.alicdn.com/i1/409808834/O1CN0141DzkI2F81NAYUqeR_!!409808834.jpg",
                "https://img.alicdn.com/i3/409808834/O1CN01sGhPrd2F81N9HV3DZ_!!409808834.jpg",
                "https://img.alicdn.com/i3/409808834/O1CN011R1HeP2F81N8IaWm3_!!409808834.jpg",
                "https://img.alicdn.com/i3/409808834/O1CN012vaauq2F81N6elG6P_!!409808834.jpg"
            ],
            "title": "卡姿兰唇釉女学生款不掉色防水平价小众豆沙色口红李佳琦唇彩套装",
            "tk_total_commi": "5920.17",
            "tk_total_sales": "3316",
            "user_type": 1,
            "volume": 14531,
            "white_image": "https://img.alicdn.com/bao/uploaded/O1CN014DUkzC2F81N93qY1r_!!2-item_pic.png",
            "zk_final_price": "59"
        },
        {
            "category_id": 50010807,
            "category_name": "唇彩/唇蜜/唇釉",
            "commission_rate": "700",
            "coupon_id": "",
            "coupon_info": "",
            "coupon_remain_count": 0,
            "coupon_total_count": 0,
            "item_description": "",
            "item_id": 593280850862,
            "item_url": "https://item.taobao.com/item.htm?id=593280850862",
            "level_one_category_id": 50010788,
            "level_one_category_name": "彩妆/香水/美妆工具",
            "nick": "左顾右盼而行",
            "num_iid": 593280850862,
            "pict_url": "https://img.alicdn.com/bao/uploaded/i1/388594390/O1CN01zUvVzQ1iIfFfkedSF_!!388594390.jpg",
            "provcity": "江苏 苏州",
            "real_post_fee": "0.00",
            "reserve_price": "109",
            "seller_id": 388594390,
            "shop_dsr": 48120,
            "shop_title": "小白兔兔奶糖",
            "short_title": "素岛墨红丝绒气质雾面平价国货口红",
            "small_images": [
                "https://img.alicdn.com/i3/388594390/O1CN01EWqFBK1iIfGm2oytN_!!388594390.jpg",
                "https://img.alicdn.com/i3/388594390/O1CN01rIwBRn1iIfGjbPl8T_!!388594390.jpg",
                "https://img.alicdn.com/i1/388594390/O1CN017zLzx31iIfGkcbvqz_!!388594390.jpg",
                "https://img.alicdn.com/i4/388594390/O1CN019FyIUs1iIfGXIe2Dw_!!388594390.jpg"
            ],
            "title": "素岛墨红丝绒口红气质雾面平价国货持久带金闪达人小茉莉莉子推荐",
            "tk_total_commi": "48183.4",
            "tk_total_sales": "11164",
            "user_type": 0,
            "volume": 13950,
            "white_image": "",
            "zk_final_price": "16.9"
        },
        {
            "category_id": 50010808,
            "category_name": "唇膏/口红",
            "commission_rate": "400",
            "coupon_id": "",
            "coupon_info": "",
            "coupon_remain_count": 0,
            "coupon_total_count": 0,
            "item_description": "持妆显色 魅力动人",
            "item_id": 584992585096,
            "item_url": "https://detail.tmall.com/item.htm?id=584992585096",
            "level_one_category_id": 50010788,
            "level_one_category_name": "彩妆/香水/美妆工具",
            "nick": "missha谜尚官方旗舰店",
            "num_iid": 584992585096,
            "pict_url": "https://img.alicdn.com/bao/uploaded/i1/3853288510/O1CN018zRj1u2Cjd42znP0l_!!0-item_pic.jpg",
            "provcity": "上海",
            "real_post_fee": "999.00",
            "reserve_price": "108",
            "seller_id": 3853288510,
            "shop_dsr": 48745,
            "shop_title": "MISSHA谜尚官方旗舰店",
            "short_title": "missha /谜尚溢彩水新款口红润唇膏",
            "small_images": [
                "https://img.alicdn.com/i4/3853288510/O1CN01TJRSnx2Cjd3wJT4c1_!!3853288510.jpg",
                "https://img.alicdn.com/i1/3853288510/O1CN01qpjlBl2Cjd1ZTrHRI_!!3853288510.jpg",
                "https://img.alicdn.com/i2/3853288510/O1CN016Rlbpg2Cjd1Y6P9fP_!!3853288510.jpg",
                "https://img.alicdn.com/i1/3853288510/O1CN011XRndr2Cjd1bkn3Bg_!!3853288510.jpg"
            ],
            "title": "Missha/谜尚溢彩水润唇膏新款防干裂口红少女保湿滋润补水正品",
            "tk_total_commi": "204700",
            "tk_total_sales": "12350",
            "user_type": 1,
            "volume": 13110,
            "white_image": "https://img.alicdn.com/bao/uploaded/TB1QV5dTpzqK1RjSZFoXXbfcXXa.png",
            "zk_final_price": "78"
        },
        {
            "category_id": 50010808,
            "category_name": "唇膏/口红",
            "commission_rate": "2000",
            "coupon_id": "",
            "coupon_info": "",
            "coupon_remain_count": 0,
            "coupon_total_count": 0,
            "item_description": "天然胡萝卜素口红滋润保湿不易脱色不易沾杯",
            "item_id": 555029027096,
            "item_url": "https://detail.tmall.com/item.htm?id=555029027096",
            "level_one_category_id": 50010788,
            "level_one_category_name": "彩妆/香水/美妆工具",
            "nick": "薇罗尼卡旗舰店",
            "num_iid": 555029027096,
            "pict_url": "https://img.alicdn.com/bao/uploaded/i4/765373213/O1CN01P3fyXj1Zbb4LHJoEm_!!0-item_pic.jpg",
            "provcity": "广东 广州",
            "real_post_fee": "0.00",
            "reserve_price": "168",
            "seller_id": 765373213,
            "shop_dsr": 48233,
            "shop_title": "薇罗尼卡旗舰店",
            "short_title": "胡萝卜素女学生款平价小样唇釉口红",
            "small_images": [
                "https://img.alicdn.com/i1/765373213/O1CN01ZLTRSV1Zbb68MKKff_!!765373213.jpg",
                "https://img.alicdn.com/i3/765373213/O1CN01xbu0VU1Zbb51HxC33_!!765373213.jpg",
                "https://img.alicdn.com/i3/765373213/TB2x2BOasuYBuNkSmRyXXcA3pXa_!!765373213.jpg",
                "https://img.alicdn.com/i1/765373213/O1CN01D9ondY1Zbb2gAex2u_!!765373213.jpg"
            ],
            "title": "胡萝卜素口红女 学生款平价小样不脱色唇釉果冻孕妇变色唇膏正品",
            "tk_total_commi": "18332.1",
            "tk_total_sales": "3416",
            "user_type": 1,
            "volume": 11948,
            "white_image": "https://img.alicdn.com/bao/uploaded/TB1fcMBVMHqK1RjSZFPXXcwapXa.png",
            "zk_final_price": "39.9"
        },
        {
            "category_id": 50010807,
            "category_name": "唇彩/唇蜜/唇釉",
            "commission_rate": "2000",
            "coupon_id": "",
            "coupon_info": "",
            "coupon_remain_count": 0,
            "coupon_total_count": 0,
            "item_description": "高级丝绒雾面，哑而不干",
            "item_id": 589593786130,
            "item_url": "https://detail.tmall.com/item.htm?id=589593786130",
            "level_one_category_id": 50010788,
            "level_one_category_name": "彩妆/香水/美妆工具",
            "nick": "乐在其中旗舰店",
            "num_iid": 589593786130,
            "pict_url": "https://img.alicdn.com/bao/uploaded/i3/4229267099/O1CN01AlAW8322JODTxfp1P_!!0-item_pic.jpg",
            "provcity": "上海",
            "real_post_fee": "5.00",
            "reserve_price": "109",
            "seller_id": 4229267099,
            "shop_dsr": 48653,
            "shop_title": "乐在其中旗舰店",
            "short_title": "乐在其中happimess小冰棒哑光唇釉",
            "small_images": [
                "https://img.alicdn.com/i4/4229267099/O1CN01Utwes622JOBHVckRZ_!!4229267099.jpg",
                "https://img.alicdn.com/i1/4229267099/O1CN01WFWNtz22JOBV4BrKD_!!4229267099.jpg",
                "https://img.alicdn.com/i3/4229267099/O1CN01Ln1zoX22JOBIMA06g_!!4229267099.jpg",
                "https://img.alicdn.com/i1/4229267099/O1CN015JPvPl22JODSiFEFg_!!4229267099.jpg"
            ],
            "title": "乐在其中Happimess小冰棒冰淇淋唇膏唇釉 哑光不沾杯学生保湿口红",
            "tk_total_commi": "20828.4",
            "tk_total_sales": "5359",
            "user_type": 1,
            "volume": 8496,
            "white_image": "https://img.alicdn.com/bao/uploaded/O1CN01TeO5y422JOB80yWLI_!!2-item_pic.png",
            "zk_final_price": "49.9"
        },
        {
            "category_id": 50010807,
            "category_name": "唇彩/唇蜜/唇釉",
            "commission_rate": "400",
            "coupon_id": "",
            "coupon_info": "",
            "coupon_remain_count": 0,
            "coupon_total_count": 0,
            "item_description": "",
            "item_id": 593353992137,
            "item_url": "https://detail.tmall.com/item.htm?id=593353992137",
            "level_one_category_id": 50010788,
            "level_one_category_name": "彩妆/香水/美妆工具",
            "nick": "gogotales旗舰店",
            "num_iid": 593353992137,
            "pict_url": "https://img.alicdn.com/bao/uploaded/i1/2200700507518/O1CN01ixS5ch25PI9JtthSJ_!!0-item_pic.jpg",
            "provcity": "河北 石家庄",
            "real_post_fee": "0.00",
            "reserve_price": "50",
            "seller_id": 2200700507518,
            "shop_dsr": 48039,
            "shop_title": "gogotales旗舰店",
            "short_title": "gogotales戈戈舞幽然雅韵唇釉口红",
            "small_images": [
                "https://img.alicdn.com/i3/2200700507518/O1CN01jV1HEe25PI9EFHNKb_!!2200700507518.jpg",
                "https://img.alicdn.com/i3/2200700507518/O1CN01B2TT9j25PI9KWYP0Z_!!2200700507518.jpg",
                "https://img.alicdn.com/i4/2200700507518/O1CN01uYr6Zk25PI9G6atEn_!!2200700507518.jpg",
                "https://img.alicdn.com/i4/2200700507518/O1CN01YFVh8t25PI99k5hDJ_!!2200700507518.jpg"
            ],
            "title": "gogotales戈戈舞幽然雅韵唇釉哑光豆沙烂番茄色不易掉色防水口红",
            "tk_total_commi": "1458.37",
            "tk_total_sales": "1957",
            "user_type": 1,
            "volume": 8399,
            "white_image": "https://img.alicdn.com/bao/uploaded/O1CN010JKl1R25PI9AU3tkR_!!2-item_pic.png",
            "zk_final_price": "25"
        },
        {
            "category_id": 50010807,
            "category_name": "唇彩/唇蜜/唇釉",
            "commission_rate": "300",
            "coupon_id": "",
            "coupon_info": "",
            "coupon_remain_count": 0,
            "coupon_total_count": 0,
            "item_description": "",
            "item_id": 580374465538,
            "item_url": "https://item.taobao.com/item.htm?id=580374465538",
            "level_one_category_id": 50010788,
            "level_one_category_name": "彩妆/香水/美妆工具",
            "nick": "ldeyn",
            "num_iid": 580374465538,
            "pict_url": "https://img.alicdn.com/bao/uploaded/i3/355296396/O1CN013plST61x7PlxNLbzt_!!355296396.jpg",
            "provcity": "上海",
            "real_post_fee": "20.00",
            "reserve_price": "49",
            "seller_id": 355296396,
            "shop_dsr": 48157,
            "shop_title": "花殿 Garden Palace",
            "short_title": "现货!花殿sora club迷雾丝绒口红",
            "small_images": [
                "https://img.alicdn.com/i3/355296396/O1CN015U7vco1x7Pm08x1Qj_!!355296396.jpg",
                "https://img.alicdn.com/i2/355296396/O1CN01FSfVvi1x7Pm0ZQwEk_!!355296396.jpg",
                "https://img.alicdn.com/i1/355296396/O1CN01UIwBsJ1x7PlxX4oWT_!!355296396.jpg",
                "https://img.alicdn.com/i4/355296396/O1CN01F7Ybok1x7PjkX75rE_!!355296396.jpg"
            ],
            "title": "现货!花殿Sora club迷雾丝绒哑光唇釉女雾面口红M19牛血色M154",
            "tk_total_commi": "932.13",
            "tk_total_sales": "792",
            "user_type": 0,
            "volume": 7610,
            "white_image": "",
            "zk_final_price": "39"
        },
        {
            "category_id": 50010808,
            "category_name": "唇膏/口红",
            "commission_rate": "400",
            "coupon_id": "",
            "coupon_info": "",
            "coupon_remain_count": 0,
            "coupon_total_count": 0,
            "item_description": "享高定礼盒 限量手袋 粉底体验装等多重礼！",
            "item_id": 594894893903,
            "item_url": "https://detail.tmall.com/item.htm?id=594894893903",
            "level_one_category_id": 50010788,
            "level_one_category_name": "彩妆/香水/美妆工具",
            "nick": "mac魅可官方旗舰店",
            "num_iid": 594894893903,
            "pict_url": "https://img.alicdn.com/bao/uploaded/i3/3170729146/O1CN01yP6PWj2HQuxkZUOaX_!!0-item_pic.jpg",
            "provcity": "浙江 杭州",
            "real_post_fee": "0.00",
            "reserve_price": "680",
            "seller_id": 3170729146,
            "shop_dsr": 48609,
            "shop_title": "MAC魅可官方旗舰店",
            "short_title": "【预售献礼】mac /魅可头号柔雾唇膏",
            "small_images": [
                "https://img.alicdn.com/i1/3170729146/O1CN01qk943x2HQuxILvrOy_!!3170729146.jpg",
                "https://img.alicdn.com/i3/3170729146/O1CN01s39xqt2HQuxlTrhLB_!!3170729146.jpg",
                "https://img.alicdn.com/i4/3170729146/O1CN01WwVYxx2HQuxTBw9j1_!!3170729146.jpg",
                "https://img.alicdn.com/i3/3170729146/O1CN01jea8ll2HQuxBJjkjj_!!3170729146.jpg"
            ],
            "title": "【预售献礼】MAC/魅可头号尤雾弹4色唇膏礼盒哑光口红mac314/305",
            "tk_total_commi": "40.8",
            "tk_total_sales": "2",
            "user_type": 1,
            "volume": 6634,
            "white_image": "https://img.alicdn.com/bao/uploaded/O1CN01vzvHgi2HQuxBWncaC_!!2-item_pic.png",
            "zk_final_price": "680"
        },
        {
            "category_id": 50010808,
            "category_name": "唇膏/口红",
            "commission_rate": "1000",
            "coupon_id": "",
            "coupon_info": "",
            "coupon_remain_count": 0,
            "coupon_total_count": 0,
            "item_description": "第二件减10  多种滋养成分  妆养合一",
            "item_id": 579580393798,
            "item_url": "https://detail.tmall.com/item.htm?id=579580393798",
            "level_one_category_id": 50010788,
            "level_one_category_name": "彩妆/香水/美妆工具",
            "nick": "蓓佳海外专营店",
            "num_iid": 579580393798,
            "pict_url": "https://img.alicdn.com/bao/uploaded/i2/1835946814/O1CN01sCrExM20CrKagCVif_!!0-item_pic.jpg",
            "provcity": "香港 新界",
            "real_post_fee": "0.00",
            "reserve_price": "88",
            "seller_id": 1835946814,
            "shop_dsr": 48492,
            "shop_title": "蓓佳海外专营店",
            "short_title": "美国露华浓女225豆沙色旗舰店口红",
            "small_images": [
                "https://img.alicdn.com/i3/1835946814/O1CN01ICLqrd20CrIjMLcwF_!!1835946814.jpg",
                "https://img.alicdn.com/i4/1835946814/O1CN0120CrG5le2y7LKrN_!!1835946814.jpg",
                "https://img.alicdn.com/i3/1835946814/O1CN0120CrG6KKYUyaxWs_!!1835946814.jpg",
                "https://img.alicdn.com/i1/1835946814/O1CN01AnnMrP20CrKWKd4eM_!!1835946814.jpg"
            ],
            "title": "美国露华浓口红女225豆沙色旗舰店官方旗舰平价学生黑管保湿唇膏",
            "tk_total_commi": "4025.85",
            "tk_total_sales": "3470",
            "user_type": 1,
            "volume": 6170,
            "white_image": "https://img.alicdn.com/bao/uploaded/O1CN0120CrG4aWJVSFA4H_!!1835946814.png",
            "zk_final_price": "41.8"
        },
        {
            "category_id": 50010807,
            "category_name": "唇彩/唇蜜/唇釉",
            "commission_rate": "510",
            "coupon_id": "",
            "coupon_info": "",
            "coupon_remain_count": 0,
            "coupon_total_count": 0,
            "item_description": "",
            "item_id": 586316857699,
            "item_url": "https://item.taobao.com/item.htm?id=586316857699",
            "level_one_category_id": 50010788,
            "level_one_category_name": "彩妆/香水/美妆工具",
            "nick": "爱195555",
            "num_iid": 586316857699,
            "pict_url": "https://img.alicdn.com/bao/uploaded/i3/3392183402/O1CN01VqjyV51b09wSAOVHL_!!3392183402.jpg",
            "provcity": "广东 深圳",
            "real_post_fee": "0.00",
            "reserve_price": "42.9",
            "seller_id": 3392183402,
            "shop_dsr": 47051,
            "shop_title": "perfectdiary完美日记正品",
            "short_title": "完美日记旗舰店官方旗舰哑光唇釉",
            "small_images": [
                "https://img.alicdn.com/i1/3392183402/O1CN01qiL62D1b09xFWDXN7_!!3392183402.jpg",
                "https://img.alicdn.com/i3/3392183402/O1CN01EpMtZE1b09vYfwWB5_!!3392183402.jpg",
                "https://img.alicdn.com/i1/3392183402/O1CN01HEVm2Y1b09vAM1Mev_!!3392183402.jpg",
                "https://img.alicdn.com/i1/3392183402/O1CN018dRVOe1b09xQ5jc9p_!!3392183402.jpg"
            ],
            "title": "完美日记旗艦店官方旗艦哑光唇釉反重力唇釉雾面女学生唇蜜口红",
            "tk_total_commi": "1303.79",
            "tk_total_sales": "663",
            "user_type": 0,
            "volume": 5886,
            "white_image": "",
            "zk_final_price": "39"
        },
        {
            "category_id": 50010808,
            "category_name": "唇膏/口红",
            "commission_rate": "300",
            "coupon_id": "",
            "coupon_info": "",
            "coupon_remain_count": 0,
            "coupon_total_count": 0,
            "item_description": "",
            "item_id": 590721942281,
            "item_url": "https://item.taobao.com/item.htm?id=590721942281",
            "level_one_category_id": 50010788,
            "level_one_category_name": "彩妆/香水/美妆工具",
            "nick": "gfdgdfgf1",
            "num_iid": 590721942281,
            "pict_url": "https://img.alicdn.com/bao/uploaded/i4/745595673/O1CN01lqZiSs1rmHPrixSgz_!!745595673.jpg",
            "provcity": "广东 东莞",
            "real_post_fee": "0.00",
            "reserve_price": "145",
            "seller_id": 745595673,
            "shop_dsr": 48409,
            "shop_title": "圆源护肤美妆",
            "short_title": "完美日记小金钻c01c02c04口红",
            "small_images": [
                "https://img.alicdn.com/i4/745595673/O1CN010PVdno1rmHPnaJlkp_!!745595673.jpg",
                "https://img.alicdn.com/i4/745595673/O1CN017cslHp1rmHQ8yFubs_!!745595673.jpg",
                "https://img.alicdn.com/i3/745595673/O1CN01q9ob7y1rmHOjNEXPB_!!745595673.jpg",
                "https://img.alicdn.com/i2/745595673/O1CN01KwzoSH1rmHPoWaXv8_!!745595673.jpg"
            ],
            "title": "完美日记小金钻口红c01c02大都会联名款龙妈色草莓红S02S03S04A04",
            "tk_total_commi": "1378.4",
            "tk_total_sales": "583",
            "user_type": 0,
            "volume": 5866,
            "white_image": "",
            "zk_final_price": "69.9"
        },
        {
            "category_id": 50010807,
            "category_name": "唇彩/唇蜜/唇釉",
            "commission_rate": "700",
            "coupon_id": "",
            "coupon_info": "",
            "coupon_remain_count": 0,
            "coupon_total_count": 0,
            "item_description": "【新品上市】第2支减10元，丝绒唇釉",
            "item_id": 593921130695,
            "item_url": "https://detail.tmall.com/item.htm?id=593921130695",
            "level_one_category_id": 50010788,
            "level_one_category_name": "彩妆/香水/美妆工具",
            "nick": "香草物语化妆品专营",
            "num_iid": 593921130695,
            "pict_url": "https://img.alicdn.com/bao/uploaded/i1/197019122/O1CN01XUfo042HFvSNuEMXa_!!0-item_pic.jpg",
            "provcity": "北京",
            "real_post_fee": "0.00",
            "reserve_price": "89",
            "seller_id": 197019122,
            "shop_dsr": 47992,
            "shop_title": "香草物语化妆品专营",
            "short_title": "卡姿兰唇釉不掉色防水学生款女口红",
            "small_images": [
                "https://img.alicdn.com/i3/197019122/O1CN01tNXoeB2HFvRc7JhkU_!!0-item_pic.jpg",
                "https://img.alicdn.com/i3/197019122/O1CN01C5KAf42HFvRHskNni_!!197019122.jpg",
                "https://img.alicdn.com/i1/197019122/O1CN015VEqS72HFvRB8sLsB_!!197019122.jpg",
                "https://img.alicdn.com/i2/197019122/O1CN01urNmay2HFvRD1Higr_!!197019122.jpg"
            ],
            "title": "卡姿兰口红唇釉不掉色防水女学生款唇彩哑光丝绒雾面烂番茄色圆管",
            "tk_total_commi": "4385",
            "tk_total_sales": "1309",
            "user_type": 1,
            "volume": 5496,
            "white_image": "https://img.alicdn.com/bao/uploaded/TB1gnTLV4TpK1RjSZFKXXa2wXXa.png",
            "zk_final_price": "59"
        },
        {
            "category_id": 50010808,
            "category_name": "唇膏/口红",
            "commission_rate": "300",
            "coupon_amount": "2",
            "coupon_end_time": "2019-07-26",
            "coupon_id": "905ab06298eb441c8964ff2e99b804dc",
            "coupon_info": "满30元减2元",
            "coupon_remain_count": 4800,
            "coupon_start_fee": "30",
            "coupon_start_time": "2019-07-18",
            "coupon_total_count": 6000,
            "item_description": "",
            "item_id": 596356911612,
            "item_url": "https://item.taobao.com/item.htm?id=596356911612",
            "level_one_category_id": 50010788,
            "level_one_category_name": "彩妆/香水/美妆工具",
            "nick": "快乐小蘑菇",
            "num_iid": 596356911612,
            "pict_url": "https://img.alicdn.com/bao/uploaded/i4/2200531319486/O1CN0138hdW52JwdcQSL4bm_!!0-item_pic.jpg",
            "provcity": "广东 东莞",
            "real_post_fee": "0.00",
            "reserve_price": "89",
            "seller_id": 2200531319486,
            "shop_dsr": 48779,
            "shop_title": "彩妆小蘑菇",
            "short_title": "colourpop口红卡啦卡了卡乐唇笔",
            "small_images": [
                "https://img.alicdn.com/i4/2200531319486/O1CN01CUURk92Jwdc9inWom_!!2200531319486.jpg",
                "https://img.alicdn.com/i2/2200531319486/O1CN01IpMUAk2JwdcCvtMqU_!!2200531319486.jpg",
                "https://img.alicdn.com/i2/2200531319486/O1CN01IL5naW2Jwdc9imiw2_!!2200531319486.jpg",
                "https://img.alicdn.com/i1/2200531319486/O1CN01PWyAOJ2JwdcAwagj3_!!2200531319486.jpg"
            ],
            "title": "colourpop口红colorpop唇笔clourpop卡啦卡了卡乐卡拉泡泡唇膏笔",
            "tk_total_commi": "715.78",
            "tk_total_sales": "483",
            "user_type": 0,
            "volume": 4942,
            "white_image": "",
            "zk_final_price": "45.9"
        },
        {
            "category_id": 50010808,
            "category_name": "唇膏/口红",
            "commission_rate": "600",
            "coupon_id": "",
            "coupon_info": "",
            "coupon_remain_count": 0,
            "coupon_total_count": 0,
            "item_description": "种草姨妈色",
            "item_id": 524219059509,
            "item_url": "https://detail.tmall.com/item.htm?id=524219059509",
            "level_one_category_id": 50010788,
            "level_one_category_name": "彩妆/香水/美妆工具",
            "nick": "thesaem官方海外旗舰店",
            "num_iid": 524219059509,
            "pict_url": "https://img.alicdn.com/bao/uploaded/i3/2564346277/O1CN01za9CvN1wEueK5UVMs_!!0-item_pic.jpg",
            "provcity": "韩国",
            "real_post_fee": "0.00",
            "reserve_price": "149",
            "seller_id": 2564346277,
            "shop_dsr": 48432,
            "shop_title": "thesaem官方海外旗舰店",
            "short_title": "得鲜按压哑光持久滋润姨妈色咬口红",
            "small_images": [
                "https://img.alicdn.com/i4/TB1W9BUSpXXXXcxaXXXXXXXXXXX_!!0-item_pic.jpg",
                "https://img.alicdn.com/i1/2564346277/O1CN01O5ZG6r1wEueMrRbRO_!!2564346277.jpg",
                "https://img.alicdn.com/i3/2564346277/TB1ihkTapzqK1RjSZFvXXcB7VXa_!!0-item_pic.jpg",
                "https://img.alicdn.com/i4/2564346277/O1CN015bh5WR1wEuaXiG7Fw_!!2564346277.jpg"
            ],
            "title": "The Saem得鲜按压口红哑光持久滋润唇膏姨妈色故宫咬唇妆韩国学生",
            "tk_total_commi": "6185.72",
            "tk_total_sales": "1960",
            "user_type": 1,
            "volume": 4893,
            "white_image": "https://img.alicdn.com/bao/uploaded/TB1WB7CUa6qK1RjSZFmXXX0PFXa.png",
            "zk_final_price": "59"
        },
        {
            "category_id": 50010807,
            "category_name": "唇彩/唇蜜/唇釉",
            "commission_rate": "300",
            "coupon_id": "",
            "coupon_info": "",
            "coupon_remain_count": 0,
            "coupon_total_count": 0,
            "item_description": "",
            "item_id": 592876095026,
            "item_url": "https://item.taobao.com/item.htm?id=592876095026",
            "level_one_category_id": 50010788,
            "level_one_category_name": "彩妆/香水/美妆工具",
            "nick": "freedomru",
            "num_iid": 592876095026,
            "pict_url": "https://img.alicdn.com/bao/uploaded/i1/1740987259/O1CN01CjgRAJ23UfYt5vau4_!!1740987259.jpg",
            "provcity": "广东 深圳",
            "real_post_fee": "0.00",
            "reserve_price": "69",
            "seller_id": 1740987259,
            "shop_dsr": 48145,
            "shop_title": "Lucky girl",
            "short_title": "山君不离唇釉雾面不掉色防水口红",
            "small_images": [
                "https://img.alicdn.com/i4/1740987259/O1CN01iW1HYe23UfYpfzoSl_!!1740987259.jpg",
                "https://img.alicdn.com/i3/1740987259/O1CN01JTaAey23UfZ04USMr_!!1740987259.jpg",
                "https://img.alicdn.com/i3/1740987259/O1CN01QJNkB123UfYsLxScN_!!1740987259.jpg",
                "https://img.alicdn.com/i1/1740987259/O1CN019sFYpH23UfYt5vnOI_!!1740987259.jpg"
            ],
            "title": "山君不离唇釉雾面哑光不掉色防水法国小众平价女学生口红正品名牌",
            "tk_total_commi": "664.47",
            "tk_total_sales": "1376",
            "user_type": 0,
            "volume": 4332,
            "white_image": "",
            "zk_final_price": "25"
        },
        {
            "category_id": 50010808,
            "category_name": "唇膏/口红",
            "commission_rate": "700",
            "coupon_id": "",
            "coupon_info": "",
            "coupon_remain_count": 0,
            "coupon_total_count": 0,
            "item_description": "1盒6支 时下热门唇色",
            "item_id": 554981392029,
            "item_url": "https://detail.tmall.com/item.htm?id=554981392029",
            "level_one_category_id": 50010788,
            "level_one_category_name": "彩妆/香水/美妆工具",
            "nick": "卡姿兰宏达美景专卖店",
            "num_iid": 554981392029,
            "pict_url": "https://img.alicdn.com/bao/uploaded/i3/1087734489/O1CN01unfE2F1j20RMpHXnV_!!0-item_pic.jpg",
            "provcity": "北京",
            "real_post_fee": "0.00",
            "reserve_price": "139",
            "seller_id": 1087734489,
            "shop_dsr": 48348,
            "shop_title": "卡姿兰宏达美景专卖店",
            "short_title": "卡姿兰唇釉小样套装女持久滋润口红",
            "small_images": [
                "https://img.alicdn.com/i4/1087734489/O1CN011j20PjNI9oGdVEe_!!1087734489.jpg",
                "https://img.alicdn.com/i3/1087734489/O1CN01lo4vCF1j20PjNH9Vf_!!1087734489.jpg",
                "https://img.alicdn.com/i1/1087734489/O1CN011j20Pj4GSrjGkFz_!!1087734489.jpg"
            ],
            "title": "卡姿兰口红唇釉小样套装女持久滋润防水学生款多色组合一盒装礼盒",
            "tk_total_commi": "3372.25",
            "tk_total_sales": "921",
            "user_type": 1,
            "volume": 4267,
            "white_image": "https://img.alicdn.com/bao/uploaded/TB130ekSYPpK1RjSZFFXXa5PpXa.png",
            "zk_final_price": "79"
        },
        {
            "category_id": 50010808,
            "category_name": "唇膏/口红",
            "commission_rate": "400",
            "coupon_id": "",
            "coupon_info": "",
            "coupon_remain_count": 0,
            "coupon_total_count": 0,
            "item_description": "",
            "item_id": 591591330295,
            "item_url": "https://detail.tmall.com/item.htm?id=591591330295",
            "level_one_category_id": 50010788,
            "level_one_category_name": "彩妆/香水/美妆工具",
            "nick": "lancome兰蔻官方旗舰店",
            "num_iid": 591591330295,
            "pict_url": "https://img.alicdn.com/bao/uploaded/i1/2360209412/O1CN01ShGfBJ2JOkJf2DUIY_!!0-item_pic.jpg",
            "provcity": "江苏 苏州",
            "real_post_fee": "0.00",
            "reserve_price": "270",
            "seller_id": 2360209412,
            "shop_dsr": 48974,
            "shop_title": "Lancome兰蔻官方旗舰店",
            "short_title": "兰蔻菁纯小姐金管525樱桃红口红",
            "small_images": [
                "https://img.alicdn.com/i1/2360209412/O1CN01TS8eh72JOkJd71iqQ_!!2360209412.jpg",
                "https://img.alicdn.com/i2/2360209412/O1CN014CfmtS2JOkJSLtZVX_!!2360209412.jpg",
                "https://img.alicdn.com/i1/2360209412/O1CN01jkbHXr2JOkJ4Xm4M8_!!2360209412.jpg",
                "https://img.alicdn.com/i1/2360209412/O1CN018Rxx9x2JOkIDUScWH_!!2360209412.jpg"
            ],
            "title": "【小黑盒预售】兰蔻菁纯小姐金管口红唇膏 525樱桃红168胡萝卜色",
            "tk_total_commi": "11958.8",
            "tk_total_sales": "1390",
            "user_type": 1,
            "volume": 4191,
            "white_image": "https://img.alicdn.com/bao/uploaded/O1CN010NeXP12JOkJH958Ok_!!2-item_pic.png",
            "zk_final_price": "270"
        },
        {
            "category_id": 50010808,
            "category_name": "唇膏/口红",
            "commission_rate": "2001",
            "coupon_id": "",
            "coupon_info": "",
            "coupon_remain_count": 0,
            "coupon_total_count": 0,
            "item_description": "",
            "item_id": 596749075638,
            "item_url": "https://item.taobao.com/item.htm?id=596749075638",
            "level_one_category_id": 50010788,
            "level_one_category_name": "彩妆/香水/美妆工具",
            "nick": "黛茉莉168",
            "num_iid": 596749075638,
            "pict_url": "https://img.alicdn.com/bao/uploaded/i4/3942413239/O1CN01Ap4bjQ1ZnVOR4ExjZ_!!3942413239.jpg",
            "provcity": "广东 广州",
            "real_post_fee": "0.00",
            "reserve_price": "128",
            "seller_id": 3942413239,
            "shop_dsr": 48082,
            "shop_title": "雅享品牌企业店",
            "short_title": "yaxiang雅享哑光女学生款持久口红",
            "small_images": [
                "https://img.alicdn.com/i2/3942413239/O1CN01fUAiqg1ZnVOQjJVvZ_!!3942413239.jpg",
                "https://img.alicdn.com/i4/3942413239/O1CN01JkHmYJ1ZnVOSBJCra_!!3942413239.jpg",
                "https://img.alicdn.com/i1/3942413239/O1CN01Os06X91ZnVOkX05LV_!!3942413239.jpg",
                "https://img.alicdn.com/i4/3942413239/O1CN01fjoPgz1ZnVOO7PhIe_!!3942413239.jpg"
            ],
            "title": "YAXIANG雅享哑光雾面口红女学生款持久滋润牛血色平价小众品牌",
            "tk_total_commi": "1552",
            "tk_total_sales": "457",
            "user_type": 0,
            "volume": 4054,
            "white_image": "",
            "zk_final_price": "38.8"
        },
        {
            "category_id": 50010808,
            "category_name": "唇膏/口红",
            "commission_rate": "600",
            "coupon_id": "",
            "coupon_info": "",
            "coupon_remain_count": 0,
            "coupon_total_count": 0,
            "item_description": "2支装送1支果冻口红，再送1支宝石口红",
            "item_id": 570344911719,
            "item_url": "https://detail.tmall.com/item.htm?id=570344911719",
            "level_one_category_id": 50010788,
            "level_one_category_name": "彩妆/香水/美妆工具",
            "nick": "颜素真旗舰店",
            "num_iid": 570344911719,
            "pict_url": "https://img.alicdn.com/bao/uploaded/i4/1751813845/O1CN01ztMY0u1eH3PqALqHb_!!0-item_pic.jpg",
            "provcity": "浙江 杭州",
            "real_post_fee": "0.00",
            "reserve_price": "199",
            "seller_id": 1751813845,
            "shop_dsr": 48018,
            "shop_title": "颜素真旗舰店",
            "short_title": "2支]红樱桃健康正品传奇变色唇膏",
            "small_images": [
                "https://img.alicdn.com/i3/1751813845/O1CN01gznpad1eH3PtOcAv8_!!1751813845.jpg",
                "https://img.alicdn.com/i3/1751813845/O1CN019sv9i81eH3NVSlghI_!!1751813845.jpg",
                "https://img.alicdn.com/i3/1751813845/O1CN01Cnb2IK1eH3NSBgnOk_!!1751813845.jpg",
                "https://img.alicdn.com/i1/1751813845/O1CN01SZ0DBC1eH3NX9cKC9_!!1751813845.jpg"
            ],
            "title": "2支]红樱桃健康唇膏正品专柜传奇变色口红官方今生官网女保湿滋润",
            "tk_total_commi": "2513.06",
            "tk_total_sales": "822",
            "user_type": 1,
            "volume": 3927,
            "white_image": "https://img.alicdn.com/bao/uploaded/TB1jncLVFzqK1RjSZFvXXcB7VXa.png",
            "zk_final_price": "69"
        },
        {
            "category_id": 50010808,
            "category_name": "唇膏/口红",
            "commission_rate": "400",
            "coupon_id": "",
            "coupon_info": "",
            "coupon_remain_count": 0,
            "coupon_total_count": 0,
            "item_description": "水润番茄红LADY BUG，显白不挑皮，夏日必备",
            "item_id": 558803677297,
            "item_url": "https://detail.tmall.com/item.htm?id=558803677297",
            "level_one_category_id": 50010788,
            "level_one_category_name": "彩妆/香水/美妆工具",
            "nick": "mac魅可官方旗舰店",
            "num_iid": 558803677297,
            "pict_url": "https://img.alicdn.com/bao/uploaded/i4/3170729146/O1CN01gI4dVc2HQuxldC3IJ_!!0-item_pic.jpg",
            "provcity": "浙江 杭州",
            "real_post_fee": "0.00",
            "reserve_price": "170",
            "seller_id": 3170729146,
            "shop_dsr": 48609,
            "shop_title": "MAC魅可官方旗舰店",
            "short_title": "【预售献礼】mac /魅可子弹头口红",
            "small_images": [
                "https://img.alicdn.com/i3/3170729146/O1CN01Kw8vnR2HQuwfn8Zsa_!!3170729146.jpg",
                "https://img.alicdn.com/i2/3170729146/O1CN0163fS6E2HQuxnGHbje_!!3170729146.jpg",
                "https://img.alicdn.com/i3/3170729146/O1CN01zBYE7j2HQux9l0hIr_!!3170729146.jpg",
                "https://img.alicdn.com/i2/3170729146/O1CN01EsBNFu2HQuxdBFxHS_!!3170729146.jpg"
            ],
            "title": "【预售献礼】MAC/魅可子弹头夏季臻选口红唇膏橘子汽水 牛血色",
            "tk_total_commi": "7094.1",
            "tk_total_sales": "1379",
            "user_type": 1,
            "volume": 3903,
            "white_image": "https://img.alicdn.com/bao/uploaded/TB1ypjia2WG3KVjSZPcXXbkbXXa.png",
            "zk_final_price": "170"
        },
        {
            "category_id": 50010807,
            "category_name": "唇彩/唇蜜/唇釉",
            "commission_rate": "1000",
            "coupon_id": "",
            "coupon_info": "",
            "coupon_remain_count": 0,
            "coupon_total_count": 0,
            "item_description": "",
            "item_id": 587177638660,
            "item_url": "https://item.taobao.com/item.htm?id=587177638660",
            "level_one_category_id": 50010788,
            "level_one_category_name": "彩妆/香水/美妆工具",
            "nick": "柏翠丽晶",
            "num_iid": 587177638660,
            "pict_url": "https://img.alicdn.com/bao/uploaded/i2/2100710748/O1CN01FRMNzc1HOcndjyKT0_!!2100710748.jpg",
            "provcity": "广东 深圳",
            "real_post_fee": "0.00",
            "reserve_price": "29",
            "seller_id": 2100710748,
            "shop_dsr": 48045,
            "shop_title": "雅姿莱全球美妆中心",
            "short_title": "novo冰淇淋唇釉丝绒雾面不掉色口红",
            "small_images": [
                "https://img.alicdn.com/i3/2100710748/O1CN01j5z5D31HOcnDJVKK8_!!2100710748.jpg",
                "https://img.alicdn.com/i1/2100710748/O1CN013BMhwc1HOcksykwu6_!!2100710748.jpg",
                "https://img.alicdn.com/i2/2100710748/O1CN01dck8uZ1HOcn6Ze9jL_!!2100710748.jpg",
                "https://img.alicdn.com/i3/2100710748/O1CN01E0mpUv1HOckmzzyPK_!!2100710748.jpg"
            ],
            "title": "NOVO冰淇淋唇釉丝绒雾面哑光口红不掉色防水学生款法国小众平价女",
            "tk_total_commi": "4436.49",
            "tk_total_sales": "2382",
            "user_type": 0,
            "volume": 3834,
            "white_image": "",
            "zk_final_price": "19.9"
        },
        {
            "category_id": 50010808,
            "category_name": "唇膏/口红",
            "commission_rate": "400",
            "coupon_id": "",
            "coupon_info": "",
            "coupon_remain_count": 0,
            "coupon_total_count": 0,
            "item_description": "",
            "item_id": 539610507590,
            "item_url": "https://item.taobao.com/item.htm?id=539610507590",
            "level_one_category_id": 50010788,
            "level_one_category_name": "彩妆/香水/美妆工具",
            "nick": "bj77765",
            "num_iid": 539610507590,
            "pict_url": "https://img.alicdn.com/bao/uploaded/i2/2539002551/O1CN01gZzjyT1UiOqFQVHs0_!!2539002551.jpg",
            "provcity": "四川 成都",
            "real_post_fee": "0.00",
            "reserve_price": "59",
            "seller_id": 2539002551,
            "shop_dsr": 46928,
            "shop_title": "韩妆72变",
            "short_title": "胡萝卜素持久保湿不脱妆不沾杯口红",
            "small_images": [
                "https://img.alicdn.com/i1/2539002551/TB2gmS_XHMc61BjSZFFXXaDLFXa_!!2539002551.jpg",
                "https://img.alicdn.com/i4/2539002551/TB2lN5_XHQc61BjSZFOXXbZ2pXa_!!2539002551.jpg",
                "https://img.alicdn.com/i1/2539002551/TB2tjPXXHMc61BjSZPiXXavgXXa_!!2539002551.jpg",
                "https://img.alicdn.com/i2/2539002551/TB2IHfXXR7c61BjSZFIXXcZmVXa_!!2539002551.jpg"
            ],
            "title": "胡萝卜素温变口红持久保湿不脱妆不沾杯不脱色滋润补水变色唇膏",
            "tk_total_commi": "961.61",
            "tk_total_sales": "1528",
            "user_type": 0,
            "volume": 3754,
            "white_image": "https://img.alicdn.com/bao/uploaded/O1CN01gZzjyT1UiOqFQVHs0_!!2539002551.jpg",
            "zk_final_price": "15.9"
        }
    ]
}