{
    "error": "0",
    "msg": "查询成功！",
    "search_type": "1",
    "is_similar": "0",
    "total_results": 50,
    "result_list": [
      {
        "category_id": 50012019,
        "category_name": "旅行箱",
        "commission_rate": "2000",
        "coupon_amount": "100",
        "coupon_end_time": "2019-08-31",
        "coupon_id": "ef2ba648f6334f54bb256a557d923551",
        "coupon_info": "满199元减100元",
        "coupon_remain_count": 100000,
        "coupon_start_fee": "199",
        "coupon_start_time": "2019-07-17",
        "coupon_total_count": 100000,
        "item_description": "官方正品 终身质保",
        "item_id": 586147361240,
        "item_url": "https://detail.tmall.com/item.htm?id=586147361240",
        "level_one_category_id": 50006842,
        "level_one_category_name": "箱包皮具/热销女包/男包",
        "nick": "卡帝乐鳄鱼宏丰专卖店",
        "num_iid": 586147361240,
        "pict_url": "https://img.alicdn.com/bao/uploaded/i3/3010327687/O1CN01Tgwc6c26eh62EtdLj_!!0-item_pic.jpg",
        "provcity": "浙江 温州",
        "real_post_fee": "0.00",
        "reserve_price": "1099",
        "seller_id": 3010327687,
        "shop_dsr": 48012,
        "shop_title": "卡帝乐鳄鱼宏丰专卖店",
        "short_title": "卡帝乐鳄鱼男女密码万向轮拉杆箱",
        "small_images": [
          "https://img.alicdn.com/i3/3010327687/O1CN017p5dNd26eh62fbAnj_!!3010327687.jpg",
          "https://img.alicdn.com/i2/3010327687/O1CN010jrTTc26eh3InbWpz_!!3010327687.jpg",
          "https://img.alicdn.com/i2/3010327687/O1CN01qTRRZo26eh3FIWeG7_!!3010327687.jpg",
          "https://img.alicdn.com/i3/3010327687/O1CN01sUpEU726eh3REvT3s_!!3010327687.jpg"
        ],
        "title": "卡帝乐鳄鱼旅行箱女男密码拉杆箱万向轮24寸皮箱子20寸登机行李箱",
        "tk_total_commi": "1.58824e+06",
        "tk_total_sales": "57561",
        "user_type": 1,
        "volume": 140721,
        "white_image": "https://img.alicdn.com/bao/uploaded/TB1WKNgVbvpK1RjSZPiXXbmwXXa.png",
        "zk_final_price": "209"
      },
      {
        "category_id": 50012019,
        "category_name": "旅行箱",
        "commission_rate": "350",
        "coupon_amount": "60",
        "coupon_end_time": "2019-07-18",
        "coupon_id": "4dfbaab98bab44c386c7b49a562c0292",
        "coupon_info": "满168元减60元",
        "coupon_remain_count": 60000,
        "coupon_start_fee": "168",
        "coupon_start_time": "2019-07-13",
        "coupon_total_count": 100000,
        "item_description": "",
        "item_id": 572606728136,
        "item_url": "https://detail.tmall.com/item.htm?id=572606728136",
        "level_one_category_id": 50006842,
        "level_one_category_name": "箱包皮具/热销女包/男包",
        "nick": "uldum旗舰店",
        "num_iid": 572606728136,
        "pict_url": "https://img.alicdn.com/bao/uploaded/i2/1104878464/O1CN01A6Z2Hb2COYnyXeIwv_!!0-item_pic.jpg",
        "provcity": "上海",
        "real_post_fee": "0.00",
        "reserve_price": "516",
        "seller_id": 1104878464,
        "shop_dsr": 48302,
        "shop_title": "uldum旗舰店",
        "short_title": "uldum万向轮20女男学生24拉杆箱",
        "small_images": [
          "https://img.alicdn.com/i2/1104878464/TB2knR9BN1YBuNjy1zcXXbNcXXa_!!1104878464.jpg",
          "https://img.alicdn.com/i3/1104878464/TB22EuPDUR1BeNjy0FmXXb0wVXa_!!1104878464.jpg",
          "https://img.alicdn.com/i3/1104878464/TB2nAbejYsrBKNjSZFpXXcXhFXa_!!1104878464.jpg",
          "https://img.alicdn.com/i4/1104878464/TB2XLCiBQCWBuNjy0FaXXXUlXXa_!!1104878464.jpg"
        ],
        "title": "ULDUM旅行箱行李箱铝框拉杆箱万向轮20女男学生24密码皮箱子28寸",
        "tk_total_commi": "122523",
        "tk_total_sales": "24685",
        "user_type": 1,
        "volume": 120331,
        "white_image": "https://img.alicdn.com/bao/uploaded/TB1EfqqS9zqK1RjSZFjXXblCFXa.png",
        "zk_final_price": "168"
      },
      {
        "category_id": 50012019,
        "category_name": "旅行箱",
        "commission_rate": "350",
        "coupon_amount": "100",
        "coupon_end_time": "2019-07-18",
        "coupon_id": "e57b1ecec0954faf81ead6a6d5c8948f",
        "coupon_info": "满199元减100元",
        "coupon_remain_count": 74013,
        "coupon_start_fee": "199",
        "coupon_start_time": "2019-07-13",
        "coupon_total_count": 100000,
        "item_description": "送运费险 终身保修 收藏/加购送大礼包",
        "item_id": 578865342527,
        "item_url": "https://detail.tmall.com/item.htm?id=578865342527",
        "level_one_category_id": 50006842,
        "level_one_category_name": "箱包皮具/热销女包/男包",
        "nick": "尚层箱包旗舰店",
        "num_iid": 578865342527,
        "pict_url": "https://img.alicdn.com/bao/uploaded/i2/2259038498/O1CN01FoOMhC2Ce8HFGf8lt_!!0-item_pic.jpg",
        "provcity": "浙江 杭州",
        "real_post_fee": "0.00",
        "reserve_price": "729",
        "seller_id": 2259038498,
        "shop_dsr": 48210,
        "shop_title": "尚层箱包旗舰店",
        "short_title": "网红女万向轮男ins 20寸24 28密码箱",
        "small_images": [
          "https://img.alicdn.com/i1/2259038498/O1CN01OfdkiA2Ce8FJXA5YU_!!2259038498.jpg",
          "https://img.alicdn.com/i2/2259038498/O1CN01OU4oAK2Ce8FIpYJEL_!!2259038498.jpg",
          "https://img.alicdn.com/i2/2259038498/O1CN01hSquga2Ce8FIpX6Nw_!!2259038498.jpg",
          "https://img.alicdn.com/i1/2259038498/O1CN015N7nRi2Ce8FJXBIQp_!!2259038498.jpg"
        ],
        "title": "行李箱网红拉杆箱女铝框旅行箱万向轮男ins密码箱20寸24皮箱子28",
        "tk_total_commi": "113395",
        "tk_total_sales": "25152",
        "user_type": 1,
        "volume": 92430,
        "white_image": "https://img.alicdn.com/bao/uploaded/TB11VtWe8Cw3KVjSZR0XXbcUpXa.png",
        "zk_final_price": "199"
      },
      {
        "category_id": 50012019,
        "category_name": "旅行箱",
        "commission_rate": "350",
        "coupon_amount": "20",
        "coupon_end_time": "2019-07-17",
        "coupon_id": "6c834f78c9f34092ae71b2d35125647f",
        "coupon_info": "满86元减20元",
        "coupon_remain_count": 98823,
        "coupon_start_fee": "86",
        "coupon_start_time": "2019-07-16",
        "coupon_total_count": 100000,
        "item_description": "送运费险 终身保修 收藏/加购送大礼包",
        "item_id": 594835618879,
        "item_url": "https://detail.tmall.com/item.htm?id=594835618879",
        "level_one_category_id": 50006842,
        "level_one_category_name": "箱包皮具/热销女包/男包",
        "nick": "雷杰尼箱包旗舰店",
        "num_iid": 594835618879,
        "pict_url": "https://img.alicdn.com/bao/uploaded/i3/3703585449/O1CN01PZF8lz1q7gguCZBbb_!!0-item_pic.jpg",
        "provcity": "浙江 杭州",
        "real_post_fee": "0.00",
        "reserve_price": "409",
        "seller_id": 3703585449,
        "shop_dsr": 48042,
        "shop_title": "雷杰尼箱包旗舰店",
        "short_title": "网红女ins万向轮20寸登机24行李箱",
        "small_images": [
          "https://img.alicdn.com/i3/3703585449/O1CN01RwjboE1q7ggy9WR7H_!!3703585449.jpg",
          "https://img.alicdn.com/i2/3703585449/O1CN018XrGBk1q7ggxyp4uc_!!3703585449.jpg",
          "https://img.alicdn.com/i2/3703585449/O1CN01RmVu3M1q7ggycR3xU_!!3703585449.jpg",
          "https://img.alicdn.com/i2/3703585449/O1CN01Hwu3cr1q7ggvenNa5_!!3703585449.jpg"
        ],
        "title": "行李箱网红女ins万向轮20寸登机韩版24铝框男拉杆旅行密码皮箱子",
        "tk_total_commi": "54046.9",
        "tk_total_sales": "15185",
        "user_type": 1,
        "volume": 59691,
        "white_image": "https://img.alicdn.com/bao/uploaded/O1CN01ht9xtm1q7ggxaHFEk_!!2-item_pic.png",
        "zk_final_price": "86"
      },
      {
        "category_id": 50012019,
        "category_name": "旅行箱",
        "commission_rate": "2002",
        "coupon_amount": "20",
        "coupon_end_time": "2019-07-18",
        "coupon_id": "08ac21612e8446ddbdf82cd880068fbc",
        "coupon_info": "满21元减20元",
        "coupon_remain_count": 98924,
        "coupon_start_fee": "21",
        "coupon_start_time": "2019-07-14",
        "coupon_total_count": 99999,
        "item_description": "防刮，防水，终身保修，静音万向轮",
        "item_id": 584793406199,
        "item_url": "https://detail.tmall.com/item.htm?id=584793406199",
        "level_one_category_id": 50006842,
        "level_one_category_name": "箱包皮具/热销女包/男包",
        "nick": "杰西度旗舰店",
        "num_iid": 584793406199,
        "pict_url": "https://img.alicdn.com/bao/uploaded/i3/2886167584/O1CN01R3Tmtd25tWG7DnTGc_!!0-item_pic.jpg",
        "provcity": "浙江 温州",
        "real_post_fee": "0.00",
        "reserve_price": "318",
        "seller_id": 2886167584,
        "shop_dsr": 47407,
        "shop_title": "杰西度旗舰店",
        "short_title": "24寸旅行箱子韩版密码万向轮拉杆箱",
        "small_images": [
          "https://img.alicdn.com/i2/2886167584/O1CN010Jr3WQ25tWHMcaWAo_!!2886167584.jpg",
          "https://img.alicdn.com/i3/2886167584/O1CN01GVvAgL25tWFakEi1C_!!2886167584.jpg",
          "https://img.alicdn.com/i1/2886167584/O1CN01NWBoMi25tWFssRfco_!!2886167584.jpg",
          "https://img.alicdn.com/i2/2886167584/O1CN01dviaet25tWHQlgD3R_!!2886167584.jpg"
        ],
        "title": "拉杆箱24寸旅行箱子20寸韩版密码皮箱万向轮潮男女网红行李箱ins",
        "tk_total_commi": "317556",
        "tk_total_sales": "16526",
        "user_type": 1,
        "volume": 57933,
        "white_image": "https://img.alicdn.com/bao/uploaded/TB1FnCGX79E3KVjSZFGXXc19XXa.png",
        "zk_final_price": "108"
      },
      {
        "category_id": 50012019,
        "category_name": "旅行箱",
        "commission_rate": "350",
        "coupon_amount": "10",
        "coupon_end_time": "2019-07-20",
        "coupon_id": "a5a755b4f5034bc7a30cdc3f354ec030",
        "coupon_info": "满78元减10元",
        "coupon_remain_count": 100000,
        "coupon_start_fee": "78",
        "coupon_start_time": "2019-07-17",
        "coupon_total_count": 100000,
        "item_description": "顺丰速运 30天免费换新箱 终身免费换配件",
        "item_id": 595531986935,
        "item_url": "https://detail.tmall.com/item.htm?id=595531986935",
        "level_one_category_id": 50006842,
        "level_one_category_name": "箱包皮具/热销女包/男包",
        "nick": "俏不二旗舰店",
        "num_iid": 595531986935,
        "pict_url": "https://img.alicdn.com/bao/uploaded/i2/4116037808/O1CN01Ax1hu227Y71OpykO0_!!0-item_pic.jpg",
        "provcity": "浙江 嘉兴",
        "real_post_fee": "0.00",
        "reserve_price": "820",
        "seller_id": 4116037808,
        "shop_dsr": 48336,
        "shop_title": "俏不二旗舰店",
        "short_title": "网红女万向轮20学生24寸韩版密码箱",
        "small_images": [
          "https://img.alicdn.com/i4/4116037808/O1CN01c53dAv27Y71RPgxaN_!!4116037808.jpg",
          "https://img.alicdn.com/i1/4116037808/O1CN01mm1cyX27Y70uo2s3s_!!4116037808.jpg",
          "https://img.alicdn.com/i2/4116037808/O1CN01YQK4YA27Y70tNFE9D_!!4116037808.jpg",
          "https://img.alicdn.com/i4/4116037808/O1CN01ETxmM427Y71MXd6HA_!!4116037808.jpg"
        ],
        "title": "铝框行李箱网红女拉杆箱万向轮20学生密码箱24寸旅行箱韩版皮箱子",
        "tk_total_commi": "778273",
        "tk_total_sales": "35044",
        "user_type": 1,
        "volume": 53225,
        "white_image": "https://img.alicdn.com/bao/uploaded/O1CN01uXFWD627Y70uq8daS_!!2-item_pic.png",
        "zk_final_price": "78"
      },
      {
        "category_id": 50012019,
        "category_name": "旅行箱",
        "commission_rate": "350",
        "coupon_amount": "70",
        "coupon_end_time": "2019-07-21",
        "coupon_id": "1b09f2fe881e42198a80bf2ffa5f4792",
        "coupon_info": "满71元减70元",
        "coupon_remain_count": 49984,
        "coupon_start_fee": "71",
        "coupon_start_time": "2019-07-10",
        "coupon_total_count": 100000,
        "item_description": "终身保修 送运费险 买一送十",
        "item_id": 578271443667,
        "item_url": "https://detail.tmall.com/item.htm?id=578271443667",
        "level_one_category_id": 50006842,
        "level_one_category_name": "箱包皮具/热销女包/男包",
        "nick": "瑞曼箱包专营店",
        "num_iid": 578271443667,
        "pict_url": "https://img.alicdn.com/bao/uploaded/i1/2174969028/O1CN017HSC5e2GYsE1bBFaQ_!!0-item_pic.jpg",
        "provcity": "浙江 嘉兴",
        "real_post_fee": "0.00",
        "reserve_price": "1080",
        "seller_id": 2174969028,
        "shop_dsr": 48113,
        "shop_title": "瑞曼箱包专营店",
        "short_title": "女20寸万向轮韩版24 26复古29密码箱",
        "small_images": [
          "https://img.alicdn.com/i2/2174969028/O1CN012GYs8fjLDhRfs2B_!!2174969028.jpg",
          "https://img.alicdn.com/i2/2174969028/O1CN013VfMeC2GYsDqKjAlZ_!!2174969028.jpg",
          "https://img.alicdn.com/i2/2174969028/O1CN01QItYct2GYsBnJqfEZ_!!2174969028.jpg",
          "https://img.alicdn.com/i1/2174969028/O1CN01RcufSi2GYsDXYEup2_!!2174969028.jpg"
        ],
        "title": "行李箱女20寸拉杆箱旅行箱万向轮铝框韩版男24密码箱26复古学生29",
        "tk_total_commi": "84841.6",
        "tk_total_sales": "12348",
        "user_type": 1,
        "volume": 50109,
        "white_image": "https://img.alicdn.com/bao/uploaded/TB1xEzjSSzqK1RjSZPxXXc4tVXa.png",
        "zk_final_price": "178"
      },
      {
        "category_id": 50012019,
        "category_name": "旅行箱",
        "commission_rate": "350",
        "coupon_amount": "70",
        "coupon_end_time": "2019-07-19",
        "coupon_id": "aeb7a1fe23bf435989ec682f74557a3d",
        "coupon_info": "满159元减70元",
        "coupon_remain_count": 85000,
        "coupon_start_fee": "159",
        "coupon_start_time": "2019-07-13",
        "coupon_total_count": 100000,
        "item_description": "送运费险 终身保修 收藏/加购送大礼包",
        "item_id": 569519492636,
        "item_url": "https://detail.tmall.com/item.htm?id=569519492636",
        "level_one_category_id": 50006842,
        "level_one_category_name": "箱包皮具/热销女包/男包",
        "nick": "游乐者旗舰店",
        "num_iid": 569519492636,
        "pict_url": "https://img.alicdn.com/bao/uploaded/i1/1726473375/O1CN01Rkjrkj1annDnDJRvU_!!0-item_pic.jpg",
        "provcity": "浙江 杭州",
        "real_post_fee": "0.00",
        "reserve_price": "699",
        "seller_id": 1726473375,
        "shop_dsr": 48273,
        "shop_title": "游乐者旗舰店",
        "short_title": "游乐者万向轮女男学生20寸24密码箱",
        "small_images": [
          "https://img.alicdn.com/i1/1726473375/TB2Zro0fYZnBKNjSZFrXXaRLFXa_!!1726473375.jpg",
          "https://img.alicdn.com/i3/1726473375/TB23dKHsoR1BeNjy0FmXXb0wVXa_!!1726473375.jpg",
          "https://img.alicdn.com/i2/1726473375/TB2OaCkseuSBuNjSsziXXbq8pXa_!!1726473375.jpg",
          "https://img.alicdn.com/i2/1726473375/TB2vSA9jLuSBuNkHFqDXXXfhVXa_!!1726473375.jpg"
        ],
        "title": "游乐者拉杆箱行李箱铝框旅行箱万向轮女男学生密码箱20寸24箱子28",
        "tk_total_commi": "55021.9",
        "tk_total_sales": "12318",
        "user_type": 1,
        "volume": 43207,
        "white_image": "https://img.alicdn.com/bao/uploaded/TB1QKJQe.uF3KVjSZK9XXbVtXXa.png",
        "zk_final_price": "159"
      },
      {
        "category_id": 50012019,
        "category_name": "旅行箱",
        "commission_rate": "2000",
        "coupon_amount": "130",
        "coupon_end_time": "2019-07-18",
        "coupon_id": "b9e6ea408a8f4dea8828685679816d3e",
        "coupon_info": "满199元减130元",
        "coupon_remain_count": 97000,
        "coupon_start_fee": "199",
        "coupon_start_time": "2019-07-17",
        "coupon_total_count": 100000,
        "item_description": "终身保质 官方正品",
        "item_id": 590230671763,
        "item_url": "https://detail.tmall.com/item.htm?id=590230671763",
        "level_one_category_id": 50006842,
        "level_one_category_name": "箱包皮具/热销女包/男包",
        "nick": "卡帝乐鳄鱼哥诗达专卖店",
        "num_iid": 590230671763,
        "pict_url": "https://img.alicdn.com/bao/uploaded/i3/3081759070/O1CN01NepenS2Gs6qNXhFUt_!!0-item_pic.jpg",
        "provcity": "浙江 嘉兴",
        "real_post_fee": "100.00",
        "reserve_price": "538",
        "seller_id": 3081759070,
        "shop_dsr": 48232,
        "shop_title": "卡帝乐鳄鱼哥诗达专卖店",
        "short_title": "卡帝乐鳄鱼万向轮男女拉杆密码箱",
        "small_images": [
          "https://img.alicdn.com/i3/3081759070/O1CN01Y4ePVN2Gs6qQVidYk_!!3081759070.jpg",
          "https://img.alicdn.com/i3/3081759070/O1CN011B6aTp2Gs6qPDl5SC_!!3081759070.jpg",
          "https://img.alicdn.com/i4/3081759070/O1CN01zl73pz2Gs6q2hCkqF_!!3081759070.jpg",
          "https://img.alicdn.com/i2/3081759070/O1CN01hyE32Y2Gs6qsjRzbM_!!3081759070.jpg"
        ],
        "title": "卡帝乐鳄鱼 行李箱万向轮男女学生拉杆ins网红密码箱24寸登机箱",
        "tk_total_commi": "882164",
        "tk_total_sales": "33497",
        "user_type": 1,
        "volume": 41576,
        "white_image": "https://img.alicdn.com/bao/uploaded/O1CN01mYUwyx2Gs6q2hie2G_!!2-item_pic.png",
        "zk_final_price": "209"
      },
      {
        "category_id": 50012019,
        "category_name": "旅行箱",
        "commission_rate": "350",
        "coupon_amount": "100",
        "coupon_end_time": "2019-07-18",
        "coupon_id": "1bf518fb994341998862137fbfef47ff",
        "coupon_info": "满179元减100元",
        "coupon_remain_count": 83790,
        "coupon_start_fee": "179",
        "coupon_start_time": "2019-07-13",
        "coupon_total_count": 100000,
        "item_description": "送运费险 终身保修",
        "item_id": 577931712479,
        "item_url": "https://detail.tmall.com/item.htm?id=577931712479",
        "level_one_category_id": 50006842,
        "level_one_category_name": "箱包皮具/热销女包/男包",
        "nick": "昕辰旗舰店",
        "num_iid": 577931712479,
        "pict_url": "https://img.alicdn.com/bao/uploaded/i2/2272772170/O1CN017Lls891Rtu0V9WqTm_!!0-item_pic.jpg",
        "provcity": "浙江 温州",
        "real_post_fee": "0.00",
        "reserve_price": "478",
        "seller_id": 2272772170,
        "shop_dsr": 48338,
        "shop_title": "昕辰旗舰店",
        "short_title": "ins网红女学生万向轮密码小拉杆箱",
        "small_images": [
          "https://img.alicdn.com/i1/2272772170/O1CN01jkELYe1Rtu0AIdhvg_!!2272772170.jpg",
          "https://img.alicdn.com/i4/2272772170/O1CN01EjtXCY1Rtu0Bg6IXh_!!2272772170.jpg",
          "https://img.alicdn.com/i1/2272772170/O1CN01ikVpwj1Rtu09xabiF_!!2272772170.jpg",
          "https://img.alicdn.com/i3/2272772170/O1CN01zGUnNa1Rtu07VBxYu_!!2272772170.jpg"
        ],
        "title": "行李箱ins网红女拉杆箱学生旅行箱万向轮密码箱24皮箱子小20寸男",
        "tk_total_commi": "484477",
        "tk_total_sales": "28363",
        "user_type": 1,
        "volume": 38158,
        "white_image": "https://img.alicdn.com/bao/uploaded/O1CN01AqYOqR1Rtu0UD7X6N_!!2-item_pic.png",
        "zk_final_price": "179"
      },
      {
        "category_id": 50012019,
        "category_name": "旅行箱",
        "commission_rate": "550",
        "coupon_amount": "100",
        "coupon_end_time": "2019-08-10",
        "coupon_id": "7b82b6e182e64c9493a0138afc9f113e",
        "coupon_info": "满178元减100元",
        "coupon_remain_count": 80000,
        "coupon_start_fee": "178",
        "coupon_start_time": "2019-07-13",
        "coupon_total_count": 100000,
        "item_description": "领券减100 赠送运费险",
        "item_id": 593248137886,
        "item_url": "https://detail.tmall.com/item.htm?id=593248137886",
        "level_one_category_id": 50006842,
        "level_one_category_name": "箱包皮具/热销女包/男包",
        "nick": "百俐百汇旗舰店",
        "num_iid": 593248137886,
        "pict_url": "https://img.alicdn.com/bao/uploaded/i4/2234747974/O1CN01dEQnE928m8lxRos5I_!!0-item_pic.jpg",
        "provcity": "江西 吉安",
        "real_post_fee": "0.00",
        "reserve_price": "895",
        "seller_id": 2234747974,
        "shop_dsr": 47925,
        "shop_title": "百俐百汇旗舰店",
        "short_title": "充电万向轮20女男学生24 28寸密码箱",
        "small_images": [
          "https://img.alicdn.com/i3/2234747974/O1CN015haRKa28m8kX7FJ4E_!!2234747974.jpg",
          "https://img.alicdn.com/i1/2234747974/O1CN01V48QYq28m8kdhFl7N_!!2234747974.jpg",
          "https://img.alicdn.com/i3/2234747974/O1CN01gFMiq328m8kbdcLZp_!!2234747974.jpg",
          "https://img.alicdn.com/i3/2234747974/O1CN01uJ7Fxq28m8kcoc9Tc_!!2234747974.jpg"
        ],
        "title": "行李箱铝框充电旅行箱拉杆箱万向轮20女男学生24密码箱皮箱子28寸",
        "tk_total_commi": "75341.8",
        "tk_total_sales": "13141",
        "user_type": 1,
        "volume": 35894,
        "white_image": "https://img.alicdn.com/bao/uploaded/O1CN01b35gle28m8keK5fyn_!!2-item_pic.png",
        "zk_final_price": "178"
      },
      {
        "category_id": 50012019,
        "category_name": "旅行箱",
        "commission_rate": "2000",
        "coupon_amount": "100",
        "coupon_end_time": "2019-08-18",
        "coupon_id": "2f174bc98c744ff0b0ac6afa900c319c",
        "coupon_info": "满189元减100元",
        "coupon_remain_count": 36738,
        "coupon_start_fee": "189",
        "coupon_start_time": "2019-06-28",
        "coupon_total_count": 100000,
        "item_description": "官方正品 大容量 万向轮 送箱套",
        "item_id": 591887909409,
        "item_url": "https://detail.tmall.com/item.htm?id=591887909409",
        "level_one_category_id": 50006842,
        "level_one_category_name": "箱包皮具/热销女包/男包",
        "nick": "才子福州专卖店",
        "num_iid": 591887909409,
        "pict_url": "https://img.alicdn.com/bao/uploaded/i3/2454004953/O1CN0178StXE1mSWFmfHTsx_!!0-item_pic.jpg",
        "provcity": "浙江 杭州",
        "real_post_fee": "0.00",
        "reserve_price": "1099",
        "seller_id": 2454004953,
        "shop_dsr": 48687,
        "shop_title": "才子福州专卖店",
        "short_title": "才子男女密码24寸万向轮拉杆箱",
        "small_images": [
          "https://img.alicdn.com/i3/2454004953/O1CN01GqYi4K1mSWFgTR6WY_!!2454004953.jpg",
          "https://img.alicdn.com/i4/2454004953/O1CN01lqJbCm1mSWEe7sJGz_!!2454004953.jpg",
          "https://img.alicdn.com/i3/2454004953/O1CN01IKhY9G1mSWEe7qhat_!!2454004953.jpg",
          "https://img.alicdn.com/i3/2454004953/O1CN01FGyXuZ1mSWEdfkTlz_!!2454004953.jpg"
        ],
        "title": "才子行李箱铝框拉杆箱女男密码24寸旅行箱万向轮登机箱20寸皮箱子",
        "tk_total_commi": "532742",
        "tk_total_sales": "23526",
        "user_type": 1,
        "volume": 28210,
        "white_image": "https://img.alicdn.com/bao/uploaded/TB1V.twXeH2gK0jSZJnXXaT1FXa.png",
        "zk_final_price": "189"
      },
      {
        "category_id": 50012019,
        "category_name": "旅行箱",
        "commission_rate": "350",
        "coupon_id": "",
        "coupon_info": "",
        "coupon_remain_count": 0,
        "coupon_total_count": 0,
        "item_description": "轻便 可登机",
        "item_id": 586822145488,
        "item_url": "https://detail.tmall.com/item.htm?id=586822145488",
        "level_one_category_id": 50006842,
        "level_one_category_name": "箱包皮具/热销女包/男包",
        "nick": "希格瑞旗舰店",
        "num_iid": 586822145488,
        "pict_url": "https://img.alicdn.com/bao/uploaded/i1/874690254/O1CN01pXsMLj1DkN8o3exTY_!!0-item_pic.jpg",
        "provcity": "上海",
        "real_post_fee": "0.00",
        "reserve_price": "186",
        "seller_id": 874690254,
        "shop_dsr": 47917,
        "shop_title": "希格瑞旗舰店",
        "short_title": "ins网红轻便小型拉杆密码20行李箱",
        "small_images": [
          "https://img.alicdn.com/i4/874690254/O1CN017JRaGp1DkN65fPIYF_!!874690254.png",
          "https://img.alicdn.com/i3/874690254/O1CN01YAKqz91DkN65fNQ77_!!874690254.jpg",
          "https://img.alicdn.com/i2/874690254/O1CN01fB5h091DkN66PPFTr_!!874690254.jpg",
          "https://img.alicdn.com/i3/874690254/O1CN01ag3mcw1DkN67zfmN6_!!874690254.jpg"
        ],
        "title": "行李箱ins网红轻便小型拉杆密码旅行箱子女小号20男18寸韩版抖音",
        "tk_total_commi": "12602.1",
        "tk_total_sales": "4456",
        "user_type": 1,
        "volume": 27449,
        "white_image": "https://img.alicdn.com/bao/uploaded/O1CN016djymN1DkN65fsVAC_!!2-item_pic.png",
        "zk_final_price": "68"
      },
      {
        "category_id": 50012019,
        "category_name": "旅行箱",
        "commission_rate": "2000",
        "coupon_amount": "50",
        "coupon_end_time": "2019-08-31",
        "coupon_id": "fa54c6fc8cac442397aa972b01f45a96",
        "coupon_info": "满149元减50元",
        "coupon_remain_count": 75000,
        "coupon_start_fee": "149",
        "coupon_start_time": "2019-07-11",
        "coupon_total_count": 100000,
        "item_description": "官方正品 终身质保",
        "item_id": 569465429363,
        "item_url": "https://detail.tmall.com/item.htm?id=569465429363",
        "level_one_category_id": 50006842,
        "level_one_category_name": "箱包皮具/热销女包/男包",
        "nick": "卡帝乐鳄鱼嘉聚专卖店",
        "num_iid": 569465429363,
        "pict_url": "https://img.alicdn.com/bao/uploaded/i3/3116599366/O1CN01Rkoh0W2J3g5z1C108_!!0-item_pic.jpg",
        "provcity": "上海",
        "real_post_fee": "0.00",
        "reserve_price": "1099",
        "seller_id": 3116599366,
        "shop_dsr": 48254,
        "shop_title": "卡帝乐鳄鱼嘉聚专卖店",
        "short_title": "卡帝乐ins网红24寸男女密码行李箱",
        "small_images": [
          "https://img.alicdn.com/i2/3116599366/O1CN01ZXA9cE2J3g5gif3gu_!!3116599366.jpg",
          "https://img.alicdn.com/i3/3116599366/O1CN01Zvgor62J3g4f6KOfZ_!!3116599366.jpg",
          "https://img.alicdn.com/i2/3116599366/O1CN01NUu3ja2J3g3RaREJe_!!3116599366.jpg",
          "https://img.alicdn.com/i2/3116599366/O1CN01fzfuFu2J3g3PKm4fG_!!3116599366.jpg"
        ],
        "title": "卡帝乐ins网红行李箱24寸旅行箱女男密码拉杆箱万向轮20寸登机箱",
        "tk_total_commi": "39841.9",
        "tk_total_sales": "7632",
        "user_type": 1,
        "volume": 27167,
        "white_image": "https://img.alicdn.com/bao/uploaded/TB1vQVkVcbpK1RjSZFyXXX_qFXa.png",
        "zk_final_price": "149"
      },
      {
        "category_id": 50012019,
        "category_name": "旅行箱",
        "commission_rate": "350",
        "coupon_amount": "50",
        "coupon_end_time": "2019-08-31",
        "coupon_id": "97973cd04b744cc382c81fae29f7c915",
        "coupon_info": "满219元减50元",
        "coupon_remain_count": 43428,
        "coupon_start_fee": "219",
        "coupon_start_time": "2019-07-14",
        "coupon_total_count": 50000,
        "item_description": "官方正品 拉丝面箱体耐刮耐磨 加购送防尘套",
        "item_id": 592097562079,
        "item_url": "https://detail.tmall.com/item.htm?id=592097562079",
        "level_one_category_id": 50006842,
        "level_one_category_name": "箱包皮具/热销女包/男包",
        "nick": "七匹狼振轩专卖店",
        "num_iid": 592097562079,
        "pict_url": "https://img.alicdn.com/bao/uploaded/i3/1868995422/O1CN017HYk5S1pvK0jPq2JQ_!!0-item_pic.jpg",
        "provcity": "上海",
        "real_post_fee": "0.00",
        "reserve_price": "899",
        "seller_id": 1868995422,
        "shop_dsr": 49051,
        "shop_title": "七匹狼振轩专卖店",
        "short_title": "七匹狼行李箱女旅行男28网红22拉杆",
        "small_images": [
          "https://img.alicdn.com/i4/1868995422/O1CN019RTYtd1pvJz9uW8et_!!1868995422.jpg",
          "https://img.alicdn.com/i4/1868995422/O1CN01MKCsD71pvJzf6r1vh_!!1868995422.jpg",
          "https://img.alicdn.com/i4/1868995422/O1CN01BL9NBE1pvJzYsgyR1_!!1868995422.jpg",
          "https://img.alicdn.com/i3/1868995422/O1CN01pwIFji1pvJzeTZ33l_!!1868995422.jpg"
        ],
        "title": "七匹狼行李箱男女旅行箱子拉杆箱万向轮28密码20寸22皮箱26韩版24",
        "tk_total_commi": "454367",
        "tk_total_sales": "16722",
        "user_type": 1,
        "volume": 24428,
        "white_image": "https://img.alicdn.com/bao/uploaded/TB1xSl9XMaH3KVjSZFpXXbhKpXa.png",
        "zk_final_price": "239"
      }
    ]
  }